{
    "labels": [
        "_null",
        "a",
        "b",
        "c",
        "d",
        "e",
        "f",
        "g",
        "h",
        "i",
        "j",
        "k",
        "l",
        "m",
        "n",
        "o",
        "p",
        "q",
        "r",
        "s",
        "t",
        "u",
        "v",
        "w",
        "x",
        "y",
        "z"
    ],
    "label_explicit": [
        "_null",
        "a",
        "b",
        "c",
        "d",
        "e",
        "f",
        "g",
        "h",
        "i",
        "j",
        "k",
        "l",
        "m",
        "n",
        "o",
        "p",
        "q",
        "r",
        "s",
        "t",
        "u",
        "v",
        "w",
        "x",
        "y",
        "z"
    ],
    "memory_frame": 15,
    "active_gestures": {
        "l_hand_position": null,
        "l_wrist": null,
        "l_thumb_cmc": null,
        "l_thumb_mcp": null,
        "l_thumb_ip": null,
        "l_thumb_tip": null,
        "l_index_mcp": null,
        "l_index_pip": null,
        "l_index_dip": null,
        "l_index_tip": null,
        "l_middle_mcp": null,
        "l_middle_pip": null,
        "l_middle_dip": null,
        "l_middle_tip": null,
        "l_ring_mcp": null,
        "l_ring_pip": null,
        "l_ring_dip": null,
        "l_ring_tip": null,
        "l_pinky_mcp": null,
        "l_pinky_pip": null,
        "l_pinky_dip": null,
        "l_pinky_tip": null,
        "r_hand_position": null,
        "r_wrist": true,
        "r_thumb_cmc": true,
        "r_thumb_mcp": true,
        "r_thumb_ip": true,
        "r_thumb_tip": true,
        "r_index_mcp": true,
        "r_index_pip": true,
        "r_index_dip": true,
        "r_index_tip": true,
        "r_middle_mcp": true,
        "r_middle_pip": true,
        "r_middle_dip": true,
        "r_middle_tip": true,
        "r_ring_mcp": true,
        "r_ring_pip": true,
        "r_ring_dip": true,
        "r_ring_tip": true,
        "r_pinky_mcp": true,
        "r_pinky_pip": true,
        "r_pinky_dip": true,
        "r_pinky_tip": true,
        "l_hand_velocity": null,
        "r_hand_velocity": true
    },
    "label_map": {
        "_null": 0,
        "a": 1,
        "b": 2,
        "c": 3,
        "d": 4,
        "e": 5,
        "f": 6,
        "g": 7,
        "h": 8,
        "i": 9,
        "j": 10,
        "k": 11,
        "l": 12,
        "m": 13,
        "n": 14,
        "o": 15,
        "p": 16,
        "q": 17,
        "r": 18,
        "s": 19,
        "t": 20,
        "u": 21,
        "v": 22,
        "w": 23,
        "x": 24,
        "y": 25,
        "z": 26
    },
    "one_side": true,
    "name": "alphabet3",
    "d_model": 32,
    "num_heads": 8,
    "num_layers": 3,
    "ff_dim": 128
}